[
  {
    "id": 23238122,
    "name": "cassandraapp",
    "full_name": "logscape/cassandraapp",
    "owner": {
      "login": "logscape",
      "id": 2970277,
      "avatar_url": "https://avatars.githubusercontent.com/u/2970277?v=2",
      "gravatar_id": "",
      "url": "https://api.github.com/users/logscape",
      "html_url": "https://github.com/logscape",
      "followers_url": "https://api.github.com/users/logscape/followers",
      "following_url": "https://api.github.com/users/logscape/following{/other_user}",
      "gists_url": "https://api.github.com/users/logscape/gists{/gist_id}",
      "starred_url": "https://api.github.com/users/logscape/starred{/owner}{/repo}",
      "subscriptions_url": "https://api.github.com/users/logscape/subscriptions",
      "organizations_url": "https://api.github.com/users/logscape/orgs",
      "repos_url": "https://api.github.com/users/logscape/repos",
      "events_url": "https://api.github.com/users/logscape/events{/privacy}",
      "received_events_url": "https://api.github.com/users/logscape/received_events",
      "type": "User",
      "site_admin": false
    },
    "private": false,
    "html_url": "https://github.com/logscape/cassandraapp",
    "description": "",
    "fork": false,
    "url": "https://api.github.com/repos/logscape/cassandraapp",
    "forks_url": "https://api.github.com/repos/logscape/cassandraapp/forks",
    "keys_url": "https://api.github.com/repos/logscape/cassandraapp/keys{/key_id}",
    "collaborators_url": "https://api.github.com/repos/logscape/cassandraapp/collaborators{/collaborator}",
    "teams_url": "https://api.github.com/repos/logscape/cassandraapp/teams",
    "hooks_url": "https://api.github.com/repos/logscape/cassandraapp/hooks",
    "issue_events_url": "https://api.github.com/repos/logscape/cassandraapp/issues/events{/number}",
    "events_url": "https://api.github.com/repos/logscape/cassandraapp/events",
    "assignees_url": "https://api.github.com/repos/logscape/cassandraapp/assignees{/user}",
    "branches_url": "https://api.github.com/repos/logscape/cassandraapp/branches{/branch}",
    "tags_url": "https://api.github.com/repos/logscape/cassandraapp/tags",
    "blobs_url": "https://api.github.com/repos/logscape/cassandraapp/git/blobs{/sha}",
    "git_tags_url": "https://api.github.com/repos/logscape/cassandraapp/git/tags{/sha}",
    "git_refs_url": "https://api.github.com/repos/logscape/cassandraapp/git/refs{/sha}",
    "trees_url": "https://api.github.com/repos/logscape/cassandraapp/git/trees{/sha}",
    "statuses_url": "https://api.github.com/repos/logscape/cassandraapp/statuses/{sha}",
    "languages_url": "https://api.github.com/repos/logscape/cassandraapp/languages",
    "stargazers_url": "https://api.github.com/repos/logscape/cassandraapp/stargazers",
    "contributors_url": "https://api.github.com/repos/logscape/cassandraapp/contributors",
    "subscribers_url": "https://api.github.com/repos/logscape/cassandraapp/subscribers",
    "subscription_url": "https://api.github.com/repos/logscape/cassandraapp/subscription",
    "commits_url": "https://api.github.com/repos/logscape/cassandraapp/commits{/sha}",
    "git_commits_url": "https://api.github.com/repos/logscape/cassandraapp/git/commits{/sha}",
    "comments_url": "https://api.github.com/repos/logscape/cassandraapp/comments{/number}",
    "issue_comment_url": "https://api.github.com/repos/logscape/cassandraapp/issues/comments/{number}",
    "contents_url": "https://api.github.com/repos/logscape/cassandraapp/contents/{+path}",
    "compare_url": "https://api.github.com/repos/logscape/cassandraapp/compare/{base}...{head}",
    "merges_url": "https://api.github.com/repos/logscape/cassandraapp/merges",
    "archive_url": "https://api.github.com/repos/logscape/cassandraapp/{archive_format}{/ref}",
    "downloads_url": "https://api.github.com/repos/logscape/cassandraapp/downloads",
    "issues_url": "https://api.github.com/repos/logscape/cassandraapp/issues{/number}",
    "pulls_url": "https://api.github.com/repos/logscape/cassandraapp/pulls{/number}",
    "milestones_url": "https://api.github.com/repos/logscape/cassandraapp/milestones{/number}",
    "notifications_url": "https://api.github.com/repos/logscape/cassandraapp/notifications{?since,all,participating}",
    "labels_url": "https://api.github.com/repos/logscape/cassandraapp/labels{/name}",
    "releases_url": "https://api.github.com/repos/logscape/cassandraapp/releases{/id}",
    "created_at": "2014-08-22T19:59:40Z",
    "updated_at": "2014-08-22T19:59:40Z",
    "pushed_at": "2014-08-22T20:45:32Z",
    "git_url": "git://github.com/logscape/cassandraapp.git",
    "ssh_url": "git@github.com:logscape/cassandraapp.git",
    "clone_url": "https://github.com/logscape/cassandraapp.git",
    "svn_url": "https://github.com/logscape/cassandraapp",
    "homepage": null,
    "size": 508,
    "stargazers_count": 0,
    "watchers_count": 0,
    "language": null,
    "has_issues": true,
    "has_downloads": true,
    "has_wiki": true,
    "has_pages": false,
    "forks_count": 0,
    "mirror_url": null,
    "open_issues_count": 0,
    "forks": 0,
    "open_issues": 0,
    "watchers": 0,
    "default_branch": "master"
  },
  {
    "id": 12322723,
    "name": "ciscoapp",
    "full_name": "logscape/ciscoapp",
    "owner": {
      "login": "logscape",
      "id": 2970277,
      "avatar_url": "https://avatars.githubusercontent.com/u/2970277?v=2",
      "gravatar_id": "",
      "url": "https://api.github.com/users/logscape",
      "html_url": "https://github.com/logscape",
      "followers_url": "https://api.github.com/users/logscape/followers",
      "following_url": "https://api.github.com/users/logscape/following{/other_user}",
      "gists_url": "https://api.github.com/users/logscape/gists{/gist_id}",
      "starred_url": "https://api.github.com/users/logscape/starred{/owner}{/repo}",
      "subscriptions_url": "https://api.github.com/users/logscape/subscriptions",
      "organizations_url": "https://api.github.com/users/logscape/orgs",
      "repos_url": "https://api.github.com/users/logscape/repos",
      "events_url": "https://api.github.com/users/logscape/events{/privacy}",
      "received_events_url": "https://api.github.com/users/logscape/received_events",
      "type": "User",
      "site_admin": false
    },
    "private": false,
    "html_url": "https://github.com/logscape/ciscoapp",
    "description": "Monitor Cisco ASA devices",
    "fork": false,
    "url": "https://api.github.com/repos/logscape/ciscoapp",
    "forks_url": "https://api.github.com/repos/logscape/ciscoapp/forks",
    "keys_url": "https://api.github.com/repos/logscape/ciscoapp/keys{/key_id}",
    "collaborators_url": "https://api.github.com/repos/logscape/ciscoapp/collaborators{/collaborator}",
    "teams_url": "https://api.github.com/repos/logscape/ciscoapp/teams",
    "hooks_url": "https://api.github.com/repos/logscape/ciscoapp/hooks",
    "issue_events_url": "https://api.github.com/repos/logscape/ciscoapp/issues/events{/number}",
    "events_url": "https://api.github.com/repos/logscape/ciscoapp/events",
    "assignees_url": "https://api.github.com/repos/logscape/ciscoapp/assignees{/user}",
    "branches_url": "https://api.github.com/repos/logscape/ciscoapp/branches{/branch}",
    "tags_url": "https://api.github.com/repos/logscape/ciscoapp/tags",
    "blobs_url": "https://api.github.com/repos/logscape/ciscoapp/git/blobs{/sha}",
    "git_tags_url": "https://api.github.com/repos/logscape/ciscoapp/git/tags{/sha}",
    "git_refs_url": "https://api.github.com/repos/logscape/ciscoapp/git/refs{/sha}",
    "trees_url": "https://api.github.com/repos/logscape/ciscoapp/git/trees{/sha}",
    "statuses_url": "https://api.github.com/repos/logscape/ciscoapp/statuses/{sha}",
    "languages_url": "https://api.github.com/repos/logscape/ciscoapp/languages",
    "stargazers_url": "https://api.github.com/repos/logscape/ciscoapp/stargazers",
    "contributors_url": "https://api.github.com/repos/logscape/ciscoapp/contributors",
    "subscribers_url": "https://api.github.com/repos/logscape/ciscoapp/subscribers",
    "subscription_url": "https://api.github.com/repos/logscape/ciscoapp/subscription",
    "commits_url": "https://api.github.com/repos/logscape/ciscoapp/commits{/sha}",
    "git_commits_url": "https://api.github.com/repos/logscape/ciscoapp/git/commits{/sha}",
    "comments_url": "https://api.github.com/repos/logscape/ciscoapp/comments{/number}",
    "issue_comment_url": "https://api.github.com/repos/logscape/ciscoapp/issues/comments/{number}",
    "contents_url": "https://api.github.com/repos/logscape/ciscoapp/contents/{+path}",
    "compare_url": "https://api.github.com/repos/logscape/ciscoapp/compare/{base}...{head}",
    "merges_url": "https://api.github.com/repos/logscape/ciscoapp/merges",
    "archive_url": "https://api.github.com/repos/logscape/ciscoapp/{archive_format}{/ref}",
    "downloads_url": "https://api.github.com/repos/logscape/ciscoapp/downloads",
    "issues_url": "https://api.github.com/repos/logscape/ciscoapp/issues{/number}",
    "pulls_url": "https://api.github.com/repos/logscape/ciscoapp/pulls{/number}",
    "milestones_url": "https://api.github.com/repos/logscape/ciscoapp/milestones{/number}",
    "notifications_url": "https://api.github.com/repos/logscape/ciscoapp/notifications{?since,all,participating}",
    "labels_url": "https://api.github.com/repos/logscape/ciscoapp/labels{/name}",
    "releases_url": "https://api.github.com/repos/logscape/ciscoapp/releases{/id}",
    "created_at": "2013-08-23T12:41:46Z",
    "updated_at": "2014-10-01T13:47:14Z",
    "pushed_at": "2014-09-08T15:15:38Z",
    "git_url": "git://github.com/logscape/ciscoapp.git",
    "ssh_url": "git@github.com:logscape/ciscoapp.git",
    "clone_url": "https://github.com/logscape/ciscoapp.git",
    "svn_url": "https://github.com/logscape/ciscoapp",
    "homepage": "",
    "size": 1872,
    "stargazers_count": 1,
    "watchers_count": 1,
    "language": null,
    "has_issues": true,
    "has_downloads": true,
    "has_wiki": true,
    "has_pages": false,
    "forks_count": 0,
    "mirror_url": null,
    "open_issues_count": 0,
    "forks": 0,
    "open_issues": 0,
    "watchers": 1,
    "default_branch": "master"
  },
  {
    "id": 12278595,
    "name": "coherenceapp",
    "full_name": "logscape/coherenceapp",
    "owner": {
      "login": "logscape",
      "id": 2970277,
      "avatar_url": "https://avatars.githubusercontent.com/u/2970277?v=2",
      "gravatar_id": "",
      "url": "https://api.github.com/users/logscape",
      "html_url": "https://github.com/logscape",
      "followers_url": "https://api.github.com/users/logscape/followers",
      "following_url": "https://api.github.com/users/logscape/following{/other_user}",
      "gists_url": "https://api.github.com/users/logscape/gists{/gist_id}",
      "starred_url": "https://api.github.com/users/logscape/starred{/owner}{/repo}",
      "subscriptions_url": "https://api.github.com/users/logscape/subscriptions",
      "organizations_url": "https://api.github.com/users/logscape/orgs",
      "repos_url": "https://api.github.com/users/logscape/repos",
      "events_url": "https://api.github.com/users/logscape/events{/privacy}",
      "received_events_url": "https://api.github.com/users/logscape/received_events",
      "type": "User",
      "site_admin": false
    },
    "private": false,
    "html_url": "https://github.com/logscape/coherenceapp",
    "description": "Monitor Oracle Coherence Data Grid",
    "fork": false,
    "url": "https://api.github.com/repos/logscape/coherenceapp",
    "forks_url": "https://api.github.com/repos/logscape/coherenceapp/forks",
    "keys_url": "https://api.github.com/repos/logscape/coherenceapp/keys{/key_id}",
    "collaborators_url": "https://api.github.com/repos/logscape/coherenceapp/collaborators{/collaborator}",
    "teams_url": "https://api.github.com/repos/logscape/coherenceapp/teams",
    "hooks_url": "https://api.github.com/repos/logscape/coherenceapp/hooks",
    "issue_events_url": "https://api.github.com/repos/logscape/coherenceapp/issues/events{/number}",
    "events_url": "https://api.github.com/repos/logscape/coherenceapp/events",
    "assignees_url": "https://api.github.com/repos/logscape/coherenceapp/assignees{/user}",
    "branches_url": "https://api.github.com/repos/logscape/coherenceapp/branches{/branch}",
    "tags_url": "https://api.github.com/repos/logscape/coherenceapp/tags",
    "blobs_url": "https://api.github.com/repos/logscape/coherenceapp/git/blobs{/sha}",
    "git_tags_url": "https://api.github.com/repos/logscape/coherenceapp/git/tags{/sha}",
    "git_refs_url": "https://api.github.com/repos/logscape/coherenceapp/git/refs{/sha}",
    "trees_url": "https://api.github.com/repos/logscape/coherenceapp/git/trees{/sha}",
    "statuses_url": "https://api.github.com/repos/logscape/coherenceapp/statuses/{sha}",
    "languages_url": "https://api.github.com/repos/logscape/coherenceapp/languages",
    "stargazers_url": "https://api.github.com/repos/logscape/coherenceapp/stargazers",
    "contributors_url": "https://api.github.com/repos/logscape/coherenceapp/contributors",
    "subscribers_url": "https://api.github.com/repos/logscape/coherenceapp/subscribers",
    "subscription_url": "https://api.github.com/repos/logscape/coherenceapp/subscription",
    "commits_url": "https://api.github.com/repos/logscape/coherenceapp/commits{/sha}",
    "git_commits_url": "https://api.github.com/repos/logscape/coherenceapp/git/commits{/sha}",
    "comments_url": "https://api.github.com/repos/logscape/coherenceapp/comments{/number}",
    "issue_comment_url": "https://api.github.com/repos/logscape/coherenceapp/issues/comments/{number}",
    "contents_url": "https://api.github.com/repos/logscape/coherenceapp/contents/{+path}",
    "compare_url": "https://api.github.com/repos/logscape/coherenceapp/compare/{base}...{head}",
    "merges_url": "https://api.github.com/repos/logscape/coherenceapp/merges",
    "archive_url": "https://api.github.com/repos/logscape/coherenceapp/{archive_format}{/ref}",
    "downloads_url": "https://api.github.com/repos/logscape/coherenceapp/downloads",
    "issues_url": "https://api.github.com/repos/logscape/coherenceapp/issues{/number}",
    "pulls_url": "https://api.github.com/repos/logscape/coherenceapp/pulls{/number}",
    "milestones_url": "https://api.github.com/repos/logscape/coherenceapp/milestones{/number}",
    "notifications_url": "https://api.github.com/repos/logscape/coherenceapp/notifications{?since,all,participating}",
    "labels_url": "https://api.github.com/repos/logscape/coherenceapp/labels{/name}",
    "releases_url": "https://api.github.com/repos/logscape/coherenceapp/releases{/id}",
    "created_at": "2013-08-21T18:55:37Z",
    "updated_at": "2013-11-11T14:50:23Z",
    "pushed_at": "2014-09-05T15:24:41Z",
    "git_url": "git://github.com/logscape/coherenceapp.git",
    "ssh_url": "git@github.com:logscape/coherenceapp.git",
    "clone_url": "https://github.com/logscape/coherenceapp.git",
    "svn_url": "https://github.com/logscape/coherenceapp",
    "homepage": null,
    "size": 1140,
    "stargazers_count": 0,
    "watchers_count": 0,
    "language": null,
    "has_issues": true,
    "has_downloads": true,
    "has_wiki": true,
    "has_pages": false,
    "forks_count": 0,
    "mirror_url": null,
    "open_issues_count": 0,
    "forks": 0,
    "open_issues": 0,
    "watchers": 0,
    "default_branch": "master"
  },
  {
    "id": 22214069,
    "name": "CollectdApp",
    "full_name": "logscape/CollectdApp",
    "owner": {
      "login": "logscape",
      "id": 2970277,
      "avatar_url": "https://avatars.githubusercontent.com/u/2970277?v=2",
      "gravatar_id": "",
      "url": "https://api.github.com/users/logscape",
      "html_url": "https://github.com/logscape",
      "followers_url": "https://api.github.com/users/logscape/followers",
      "following_url": "https://api.github.com/users/logscape/following{/other_user}",
      "gists_url": "https://api.github.com/users/logscape/gists{/gist_id}",
      "starred_url": "https://api.github.com/users/logscape/starred{/owner}{/repo}",
      "subscriptions_url": "https://api.github.com/users/logscape/subscriptions",
      "organizations_url": "https://api.github.com/users/logscape/orgs",
      "repos_url": "https://api.github.com/users/logscape/repos",
      "events_url": "https://api.github.com/users/logscape/events{/privacy}",
      "received_events_url": "https://api.github.com/users/logscape/received_events",
      "type": "User",
      "site_admin": false
    },
    "private": false,
    "html_url": "https://github.com/logscape/CollectdApp",
    "description": "",
    "fork": false,
    "url": "https://api.github.com/repos/logscape/CollectdApp",
    "forks_url": "https://api.github.com/repos/logscape/CollectdApp/forks",
    "keys_url": "https://api.github.com/repos/logscape/CollectdApp/keys{/key_id}",
    "collaborators_url": "https://api.github.com/repos/logscape/CollectdApp/collaborators{/collaborator}",
    "teams_url": "https://api.github.com/repos/logscape/CollectdApp/teams",
    "hooks_url": "https://api.github.com/repos/logscape/CollectdApp/hooks",
    "issue_events_url": "https://api.github.com/repos/logscape/CollectdApp/issues/events{/number}",
    "events_url": "https://api.github.com/repos/logscape/CollectdApp/events",
    "assignees_url": "https://api.github.com/repos/logscape/CollectdApp/assignees{/user}",
    "branches_url": "https://api.github.com/repos/logscape/CollectdApp/branches{/branch}",
    "tags_url": "https://api.github.com/repos/logscape/CollectdApp/tags",
    "blobs_url": "https://api.github.com/repos/logscape/CollectdApp/git/blobs{/sha}",
    "git_tags_url": "https://api.github.com/repos/logscape/CollectdApp/git/tags{/sha}",
    "git_refs_url": "https://api.github.com/repos/logscape/CollectdApp/git/refs{/sha}",
    "trees_url": "https://api.github.com/repos/logscape/CollectdApp/git/trees{/sha}",
    "statuses_url": "https://api.github.com/repos/logscape/CollectdApp/statuses/{sha}",
    "languages_url": "https://api.github.com/repos/logscape/CollectdApp/languages",
    "stargazers_url": "https://api.github.com/repos/logscape/CollectdApp/stargazers",
    "contributors_url": "https://api.github.com/repos/logscape/CollectdApp/contributors",
    "subscribers_url": "https://api.github.com/repos/logscape/CollectdApp/subscribers",
    "subscription_url": "https://api.github.com/repos/logscape/CollectdApp/subscription",
    "commits_url": "https://api.github.com/repos/logscape/CollectdApp/commits{/sha}",
    "git_commits_url": "https://api.github.com/repos/logscape/CollectdApp/git/commits{/sha}",
    "comments_url": "https://api.github.com/repos/logscape/CollectdApp/comments{/number}",
    "issue_comment_url": "https://api.github.com/repos/logscape/CollectdApp/issues/comments/{number}",
    "contents_url": "https://api.github.com/repos/logscape/CollectdApp/contents/{+path}",
    "compare_url": "https://api.github.com/repos/logscape/CollectdApp/compare/{base}...{head}",
    "merges_url": "https://api.github.com/repos/logscape/CollectdApp/merges",
    "archive_url": "https://api.github.com/repos/logscape/CollectdApp/{archive_format}{/ref}",
    "downloads_url": "https://api.github.com/repos/logscape/CollectdApp/downloads",
    "issues_url": "https://api.github.com/repos/logscape/CollectdApp/issues{/number}",
    "pulls_url": "https://api.github.com/repos/logscape/CollectdApp/pulls{/number}",
    "milestones_url": "https://api.github.com/repos/logscape/CollectdApp/milestones{/number}",
    "notifications_url": "https://api.github.com/repos/logscape/CollectdApp/notifications{?since,all,participating}",
    "labels_url": "https://api.github.com/repos/logscape/CollectdApp/labels{/name}",
    "releases_url": "https://api.github.com/repos/logscape/CollectdApp/releases{/id}",
    "created_at": "2014-07-24T13:34:54Z",
    "updated_at": "2014-07-24T13:34:54Z",
    "pushed_at": "2014-07-24T13:46:07Z",
    "git_url": "git://github.com/logscape/CollectdApp.git",
    "ssh_url": "git@github.com:logscape/CollectdApp.git",
    "clone_url": "https://github.com/logscape/CollectdApp.git",
    "svn_url": "https://github.com/logscape/CollectdApp",
    "homepage": null,
    "size": 136,
    "stargazers_count": 0,
    "watchers_count": 0,
    "language": null,
    "has_issues": true,
    "has_downloads": true,
    "has_wiki": true,
    "has_pages": false,
    "forks_count": 0,
    "mirror_url": null,
    "open_issues_count": 0,
    "forks": 0,
    "open_issues": 0,
    "watchers": 0,
    "default_branch": "master"
  },
  {
    "id": 23430487,
    "name": "DockerApp",
    "full_name": "logscape/DockerApp",
    "owner": {
      "login": "logscape",
      "id": 2970277,
      "avatar_url": "https://avatars.githubusercontent.com/u/2970277?v=2",
      "gravatar_id": "",
      "url": "https://api.github.com/users/logscape",
      "html_url": "https://github.com/logscape",
      "followers_url": "https://api.github.com/users/logscape/followers",
      "following_url": "https://api.github.com/users/logscape/following{/other_user}",
      "gists_url": "https://api.github.com/users/logscape/gists{/gist_id}",
      "starred_url": "https://api.github.com/users/logscape/starred{/owner}{/repo}",
      "subscriptions_url": "https://api.github.com/users/logscape/subscriptions",
      "organizations_url": "https://api.github.com/users/logscape/orgs",
      "repos_url": "https://api.github.com/users/logscape/repos",
      "events_url": "https://api.github.com/users/logscape/events{/privacy}",
      "received_events_url": "https://api.github.com/users/logscape/received_events",
      "type": "User",
      "site_admin": false
    },
    "private": false,
    "html_url": "https://github.com/logscape/DockerApp",
    "description": "",
    "fork": false,
    "url": "https://api.github.com/repos/logscape/DockerApp",
    "forks_url": "https://api.github.com/repos/logscape/DockerApp/forks",
    "keys_url": "https://api.github.com/repos/logscape/DockerApp/keys{/key_id}",
    "collaborators_url": "https://api.github.com/repos/logscape/DockerApp/collaborators{/collaborator}",
    "teams_url": "https://api.github.com/repos/logscape/DockerApp/teams",
    "hooks_url": "https://api.github.com/repos/logscape/DockerApp/hooks",
    "issue_events_url": "https://api.github.com/repos/logscape/DockerApp/issues/events{/number}",
    "events_url": "https://api.github.com/repos/logscape/DockerApp/events",
    "assignees_url": "https://api.github.com/repos/logscape/DockerApp/assignees{/user}",
    "branches_url": "https://api.github.com/repos/logscape/DockerApp/branches{/branch}",
    "tags_url": "https://api.github.com/repos/logscape/DockerApp/tags",
    "blobs_url": "https://api.github.com/repos/logscape/DockerApp/git/blobs{/sha}",
    "git_tags_url": "https://api.github.com/repos/logscape/DockerApp/git/tags{/sha}",
    "git_refs_url": "https://api.github.com/repos/logscape/DockerApp/git/refs{/sha}",
    "trees_url": "https://api.github.com/repos/logscape/DockerApp/git/trees{/sha}",
    "statuses_url": "https://api.github.com/repos/logscape/DockerApp/statuses/{sha}",
    "languages_url": "https://api.github.com/repos/logscape/DockerApp/languages",
    "stargazers_url": "https://api.github.com/repos/logscape/DockerApp/stargazers",
    "contributors_url": "https://api.github.com/repos/logscape/DockerApp/contributors",
    "subscribers_url": "https://api.github.com/repos/logscape/DockerApp/subscribers",
    "subscription_url": "https://api.github.com/repos/logscape/DockerApp/subscription",
    "commits_url": "https://api.github.com/repos/logscape/DockerApp/commits{/sha}",
    "git_commits_url": "https://api.github.com/repos/logscape/DockerApp/git/commits{/sha}",
    "comments_url": "https://api.github.com/repos/logscape/DockerApp/comments{/number}",
    "issue_comment_url": "https://api.github.com/repos/logscape/DockerApp/issues/comments/{number}",
    "contents_url": "https://api.github.com/repos/logscape/DockerApp/contents/{+path}",
    "compare_url": "https://api.github.com/repos/logscape/DockerApp/compare/{base}...{head}",
    "merges_url": "https://api.github.com/repos/logscape/DockerApp/merges",
    "archive_url": "https://api.github.com/repos/logscape/DockerApp/{archive_format}{/ref}",
    "downloads_url": "https://api.github.com/repos/logscape/DockerApp/downloads",
    "issues_url": "https://api.github.com/repos/logscape/DockerApp/issues{/number}",
    "pulls_url": "https://api.github.com/repos/logscape/DockerApp/pulls{/number}",
    "milestones_url": "https://api.github.com/repos/logscape/DockerApp/milestones{/number}",
    "notifications_url": "https://api.github.com/repos/logscape/DockerApp/notifications{?since,all,participating}",
    "labels_url": "https://api.github.com/repos/logscape/DockerApp/labels{/name}",
    "releases_url": "https://api.github.com/repos/logscape/DockerApp/releases{/id}",
    "created_at": "2014-08-28T14:15:40Z",
    "updated_at": "2014-08-28T14:15:40Z",
    "pushed_at": "2014-08-28T14:23:49Z",
    "git_url": "git://github.com/logscape/DockerApp.git",
    "ssh_url": "git@github.com:logscape/DockerApp.git",
    "clone_url": "https://github.com/logscape/DockerApp.git",
    "svn_url": "https://github.com/logscape/DockerApp",
    "homepage": null,
    "size": 444,
    "stargazers_count": 0,
    "watchers_count": 0,
    "language": null,
    "has_issues": true,
    "has_downloads": true,
    "has_wiki": true,
    "has_pages": false,
    "forks_count": 0,
    "mirror_url": null,
    "open_issues_count": 0,
    "forks": 0,
    "open_issues": 0,
    "watchers": 0,
    "default_branch": "master"
  },
  {
    "id": 24449681,
    "name": "hpc-server",
    "full_name": "logscape/hpc-server",
    "owner": {
      "login": "logscape",
      "id": 2970277,
      "avatar_url": "https://avatars.githubusercontent.com/u/2970277?v=2",
      "gravatar_id": "",
      "url": "https://api.github.com/users/logscape",
      "html_url": "https://github.com/logscape",
      "followers_url": "https://api.github.com/users/logscape/followers",
      "following_url": "https://api.github.com/users/logscape/following{/other_user}",
      "gists_url": "https://api.github.com/users/logscape/gists{/gist_id}",
      "starred_url": "https://api.github.com/users/logscape/starred{/owner}{/repo}",
      "subscriptions_url": "https://api.github.com/users/logscape/subscriptions",
      "organizations_url": "https://api.github.com/users/logscape/orgs",
      "repos_url": "https://api.github.com/users/logscape/repos",
      "events_url": "https://api.github.com/users/logscape/events{/privacy}",
      "received_events_url": "https://api.github.com/users/logscape/received_events",
      "type": "User",
      "site_admin": false
    },
    "private": false,
    "html_url": "https://github.com/logscape/hpc-server",
    "description": "Microsoft HPC Server monitoring",
    "fork": false,
    "url": "https://api.github.com/repos/logscape/hpc-server",
    "forks_url": "https://api.github.com/repos/logscape/hpc-server/forks",
    "keys_url": "https://api.github.com/repos/logscape/hpc-server/keys{/key_id}",
    "collaborators_url": "https://api.github.com/repos/logscape/hpc-server/collaborators{/collaborator}",
    "teams_url": "https://api.github.com/repos/logscape/hpc-server/teams",
    "hooks_url": "https://api.github.com/repos/logscape/hpc-server/hooks",
    "issue_events_url": "https://api.github.com/repos/logscape/hpc-server/issues/events{/number}",
    "events_url": "https://api.github.com/repos/logscape/hpc-server/events",
    "assignees_url": "https://api.github.com/repos/logscape/hpc-server/assignees{/user}",
    "branches_url": "https://api.github.com/repos/logscape/hpc-server/branches{/branch}",
    "tags_url": "https://api.github.com/repos/logscape/hpc-server/tags",
    "blobs_url": "https://api.github.com/repos/logscape/hpc-server/git/blobs{/sha}",
    "git_tags_url": "https://api.github.com/repos/logscape/hpc-server/git/tags{/sha}",
    "git_refs_url": "https://api.github.com/repos/logscape/hpc-server/git/refs{/sha}",
    "trees_url": "https://api.github.com/repos/logscape/hpc-server/git/trees{/sha}",
    "statuses_url": "https://api.github.com/repos/logscape/hpc-server/statuses/{sha}",
    "languages_url": "https://api.github.com/repos/logscape/hpc-server/languages",
    "stargazers_url": "https://api.github.com/repos/logscape/hpc-server/stargazers",
    "contributors_url": "https://api.github.com/repos/logscape/hpc-server/contributors",
    "subscribers_url": "https://api.github.com/repos/logscape/hpc-server/subscribers",
    "subscription_url": "https://api.github.com/repos/logscape/hpc-server/subscription",
    "commits_url": "https://api.github.com/repos/logscape/hpc-server/commits{/sha}",
    "git_commits_url": "https://api.github.com/repos/logscape/hpc-server/git/commits{/sha}",
    "comments_url": "https://api.github.com/repos/logscape/hpc-server/comments{/number}",
    "issue_comment_url": "https://api.github.com/repos/logscape/hpc-server/issues/comments/{number}",
    "contents_url": "https://api.github.com/repos/logscape/hpc-server/contents/{+path}",
    "compare_url": "https://api.github.com/repos/logscape/hpc-server/compare/{base}...{head}",
    "merges_url": "https://api.github.com/repos/logscape/hpc-server/merges",
    "archive_url": "https://api.github.com/repos/logscape/hpc-server/{archive_format}{/ref}",
    "downloads_url": "https://api.github.com/repos/logscape/hpc-server/downloads",
    "issues_url": "https://api.github.com/repos/logscape/hpc-server/issues{/number}",
    "pulls_url": "https://api.github.com/repos/logscape/hpc-server/pulls{/number}",
    "milestones_url": "https://api.github.com/repos/logscape/hpc-server/milestones{/number}",
    "notifications_url": "https://api.github.com/repos/logscape/hpc-server/notifications{?since,all,participating}",
    "labels_url": "https://api.github.com/repos/logscape/hpc-server/labels{/name}",
    "releases_url": "https://api.github.com/repos/logscape/hpc-server/releases{/id}",
    "created_at": "2014-09-25T08:21:46Z",
    "updated_at": "2014-09-25T08:47:09Z",
    "pushed_at": "2014-09-25T08:47:08Z",
    "git_url": "git://github.com/logscape/hpc-server.git",
    "ssh_url": "git@github.com:logscape/hpc-server.git",
    "clone_url": "https://github.com/logscape/hpc-server.git",
    "svn_url": "https://github.com/logscape/hpc-server",
    "homepage": null,
    "size": 59528,
    "stargazers_count": 0,
    "watchers_count": 0,
    "language": "C#",
    "has_issues": true,
    "has_downloads": true,
    "has_wiki": true,
    "has_pages": false,
    "forks_count": 0,
    "mirror_url": null,
    "open_issues_count": 0,
    "forks": 0,
    "open_issues": 0,
    "watchers": 0,
    "default_branch": "master"
  },
  {
    "id": 12270193,
    "name": "jade-jekyll-plugin",
    "full_name": "logscape/jade-jekyll-plugin",
    "owner": {
      "login": "logscape",
      "id": 2970277,
      "avatar_url": "https://avatars.githubusercontent.com/u/2970277?v=2",
      "gravatar_id": "",
      "url": "https://api.github.com/users/logscape",
      "html_url": "https://github.com/logscape",
      "followers_url": "https://api.github.com/users/logscape/followers",
      "following_url": "https://api.github.com/users/logscape/following{/other_user}",
      "gists_url": "https://api.github.com/users/logscape/gists{/gist_id}",
      "starred_url": "https://api.github.com/users/logscape/starred{/owner}{/repo}",
      "subscriptions_url": "https://api.github.com/users/logscape/subscriptions",
      "organizations_url": "https://api.github.com/users/logscape/orgs",
      "repos_url": "https://api.github.com/users/logscape/repos",
      "events_url": "https://api.github.com/users/logscape/events{/privacy}",
      "received_events_url": "https://api.github.com/users/logscape/received_events",
      "type": "User",
      "site_admin": false
    },
    "private": false,
    "html_url": "https://github.com/logscape/jade-jekyll-plugin",
    "description": "Converter Plugin that brings Jade support to the Jekyll blog-aware, static site generator",
    "fork": true,
    "url": "https://api.github.com/repos/logscape/jade-jekyll-plugin",
    "forks_url": "https://api.github.com/repos/logscape/jade-jekyll-plugin/forks",
    "keys_url": "https://api.github.com/repos/logscape/jade-jekyll-plugin/keys{/key_id}",
    "collaborators_url": "https://api.github.com/repos/logscape/jade-jekyll-plugin/collaborators{/collaborator}",
    "teams_url": "https://api.github.com/repos/logscape/jade-jekyll-plugin/teams",
    "hooks_url": "https://api.github.com/repos/logscape/jade-jekyll-plugin/hooks",
    "issue_events_url": "https://api.github.com/repos/logscape/jade-jekyll-plugin/issues/events{/number}",
    "events_url": "https://api.github.com/repos/logscape/jade-jekyll-plugin/events",
    "assignees_url": "https://api.github.com/repos/logscape/jade-jekyll-plugin/assignees{/user}",
    "branches_url": "https://api.github.com/repos/logscape/jade-jekyll-plugin/branches{/branch}",
    "tags_url": "https://api.github.com/repos/logscape/jade-jekyll-plugin/tags",
    "blobs_url": "https://api.github.com/repos/logscape/jade-jekyll-plugin/git/blobs{/sha}",
    "git_tags_url": "https://api.github.com/repos/logscape/jade-jekyll-plugin/git/tags{/sha}",
    "git_refs_url": "https://api.github.com/repos/logscape/jade-jekyll-plugin/git/refs{/sha}",
    "trees_url": "https://api.github.com/repos/logscape/jade-jekyll-plugin/git/trees{/sha}",
    "statuses_url": "https://api.github.com/repos/logscape/jade-jekyll-plugin/statuses/{sha}",
    "languages_url": "https://api.github.com/repos/logscape/jade-jekyll-plugin/languages",
    "stargazers_url": "https://api.github.com/repos/logscape/jade-jekyll-plugin/stargazers",
    "contributors_url": "https://api.github.com/repos/logscape/jade-jekyll-plugin/contributors",
    "subscribers_url": "https://api.github.com/repos/logscape/jade-jekyll-plugin/subscribers",
    "subscription_url": "https://api.github.com/repos/logscape/jade-jekyll-plugin/subscription",
    "commits_url": "https://api.github.com/repos/logscape/jade-jekyll-plugin/commits{/sha}",
    "git_commits_url": "https://api.github.com/repos/logscape/jade-jekyll-plugin/git/commits{/sha}",
    "comments_url": "https://api.github.com/repos/logscape/jade-jekyll-plugin/comments{/number}",
    "issue_comment_url": "https://api.github.com/repos/logscape/jade-jekyll-plugin/issues/comments/{number}",
    "contents_url": "https://api.github.com/repos/logscape/jade-jekyll-plugin/contents/{+path}",
    "compare_url": "https://api.github.com/repos/logscape/jade-jekyll-plugin/compare/{base}...{head}",
    "merges_url": "https://api.github.com/repos/logscape/jade-jekyll-plugin/merges",
    "archive_url": "https://api.github.com/repos/logscape/jade-jekyll-plugin/{archive_format}{/ref}",
    "downloads_url": "https://api.github.com/repos/logscape/jade-jekyll-plugin/downloads",
    "issues_url": "https://api.github.com/repos/logscape/jade-jekyll-plugin/issues{/number}",
    "pulls_url": "https://api.github.com/repos/logscape/jade-jekyll-plugin/pulls{/number}",
    "milestones_url": "https://api.github.com/repos/logscape/jade-jekyll-plugin/milestones{/number}",
    "notifications_url": "https://api.github.com/repos/logscape/jade-jekyll-plugin/notifications{?since,all,participating}",
    "labels_url": "https://api.github.com/repos/logscape/jade-jekyll-plugin/labels{/name}",
    "releases_url": "https://api.github.com/repos/logscape/jade-jekyll-plugin/releases{/id}",
    "created_at": "2013-08-21T12:56:44Z",
    "updated_at": "2013-08-21T12:56:44Z",
    "pushed_at": "2013-06-13T10:04:04Z",
    "git_url": "git://github.com/logscape/jade-jekyll-plugin.git",
    "ssh_url": "git@github.com:logscape/jade-jekyll-plugin.git",
    "clone_url": "https://github.com/logscape/jade-jekyll-plugin.git",
    "svn_url": "https://github.com/logscape/jade-jekyll-plugin",
    "homepage": null,
    "size": 64,
    "stargazers_count": 0,
    "watchers_count": 0,
    "language": "Ruby",
    "has_issues": false,
    "has_downloads": true,
    "has_wiki": true,
    "has_pages": false,
    "forks_count": 0,
    "mirror_url": null,
    "open_issues_count": 0,
    "forks": 0,
    "open_issues": 0,
    "watchers": 0,
    "default_branch": "master"
  },
  {
    "id": 12278611,
    "name": "javaapp",
    "full_name": "logscape/javaapp",
    "owner": {
      "login": "logscape",
      "id": 2970277,
      "avatar_url": "https://avatars.githubusercontent.com/u/2970277?v=2",
      "gravatar_id": "",
      "url": "https://api.github.com/users/logscape",
      "html_url": "https://github.com/logscape",
      "followers_url": "https://api.github.com/users/logscape/followers",
      "following_url": "https://api.github.com/users/logscape/following{/other_user}",
      "gists_url": "https://api.github.com/users/logscape/gists{/gist_id}",
      "starred_url": "https://api.github.com/users/logscape/starred{/owner}{/repo}",
      "subscriptions_url": "https://api.github.com/users/logscape/subscriptions",
      "organizations_url": "https://api.github.com/users/logscape/orgs",
      "repos_url": "https://api.github.com/users/logscape/repos",
      "events_url": "https://api.github.com/users/logscape/events{/privacy}",
      "received_events_url": "https://api.github.com/users/logscape/received_events",
      "type": "User",
      "site_admin": false
    },
    "private": false,
    "html_url": "https://github.com/logscape/javaapp",
    "description": "Monitor Java Applications",
    "fork": false,
    "url": "https://api.github.com/repos/logscape/javaapp",
    "forks_url": "https://api.github.com/repos/logscape/javaapp/forks",
    "keys_url": "https://api.github.com/repos/logscape/javaapp/keys{/key_id}",
    "collaborators_url": "https://api.github.com/repos/logscape/javaapp/collaborators{/collaborator}",
    "teams_url": "https://api.github.com/repos/logscape/javaapp/teams",
    "hooks_url": "https://api.github.com/repos/logscape/javaapp/hooks",
    "issue_events_url": "https://api.github.com/repos/logscape/javaapp/issues/events{/number}",
    "events_url": "https://api.github.com/repos/logscape/javaapp/events",
    "assignees_url": "https://api.github.com/repos/logscape/javaapp/assignees{/user}",
    "branches_url": "https://api.github.com/repos/logscape/javaapp/branches{/branch}",
    "tags_url": "https://api.github.com/repos/logscape/javaapp/tags",
    "blobs_url": "https://api.github.com/repos/logscape/javaapp/git/blobs{/sha}",
    "git_tags_url": "https://api.github.com/repos/logscape/javaapp/git/tags{/sha}",
    "git_refs_url": "https://api.github.com/repos/logscape/javaapp/git/refs{/sha}",
    "trees_url": "https://api.github.com/repos/logscape/javaapp/git/trees{/sha}",
    "statuses_url": "https://api.github.com/repos/logscape/javaapp/statuses/{sha}",
    "languages_url": "https://api.github.com/repos/logscape/javaapp/languages",
    "stargazers_url": "https://api.github.com/repos/logscape/javaapp/stargazers",
    "contributors_url": "https://api.github.com/repos/logscape/javaapp/contributors",
    "subscribers_url": "https://api.github.com/repos/logscape/javaapp/subscribers",
    "subscription_url": "https://api.github.com/repos/logscape/javaapp/subscription",
    "commits_url": "https://api.github.com/repos/logscape/javaapp/commits{/sha}",
    "git_commits_url": "https://api.github.com/repos/logscape/javaapp/git/commits{/sha}",
    "comments_url": "https://api.github.com/repos/logscape/javaapp/comments{/number}",
    "issue_comment_url": "https://api.github.com/repos/logscape/javaapp/issues/comments/{number}",
    "contents_url": "https://api.github.com/repos/logscape/javaapp/contents/{+path}",
    "compare_url": "https://api.github.com/repos/logscape/javaapp/compare/{base}...{head}",
    "merges_url": "https://api.github.com/repos/logscape/javaapp/merges",
    "archive_url": "https://api.github.com/repos/logscape/javaapp/{archive_format}{/ref}",
    "downloads_url": "https://api.github.com/repos/logscape/javaapp/downloads",
    "issues_url": "https://api.github.com/repos/logscape/javaapp/issues{/number}",
    "pulls_url": "https://api.github.com/repos/logscape/javaapp/pulls{/number}",
    "milestones_url": "https://api.github.com/repos/logscape/javaapp/milestones{/number}",
    "notifications_url": "https://api.github.com/repos/logscape/javaapp/notifications{?since,all,participating}",
    "labels_url": "https://api.github.com/repos/logscape/javaapp/labels{/name}",
    "releases_url": "https://api.github.com/repos/logscape/javaapp/releases{/id}",
    "created_at": "2013-08-21T18:56:12Z",
    "updated_at": "2014-04-10T10:27:52Z",
    "pushed_at": "2014-06-30T13:24:27Z",
    "git_url": "git://github.com/logscape/javaapp.git",
    "ssh_url": "git@github.com:logscape/javaapp.git",
    "clone_url": "https://github.com/logscape/javaapp.git",
    "svn_url": "https://github.com/logscape/javaapp",
    "homepage": null,
    "size": 1028,
    "stargazers_count": 0,
    "watchers_count": 0,
    "language": null,
    "has_issues": true,
    "has_downloads": true,
    "has_wiki": true,
    "has_pages": false,
    "forks_count": 0,
    "mirror_url": null,
    "open_issues_count": 0,
    "forks": 0,
    "open_issues": 0,
    "watchers": 0,
    "default_branch": "master"
  },
  {
    "id": 12264199,
    "name": "logscape.github.io",
    "full_name": "logscape/logscape.github.io",
    "owner": {
      "login": "logscape",
      "id": 2970277,
      "avatar_url": "https://avatars.githubusercontent.com/u/2970277?v=2",
      "gravatar_id": "",
      "url": "https://api.github.com/users/logscape",
      "html_url": "https://github.com/logscape",
      "followers_url": "https://api.github.com/users/logscape/followers",
      "following_url": "https://api.github.com/users/logscape/following{/other_user}",
      "gists_url": "https://api.github.com/users/logscape/gists{/gist_id}",
      "starred_url": "https://api.github.com/users/logscape/starred{/owner}{/repo}",
      "subscriptions_url": "https://api.github.com/users/logscape/subscriptions",
      "organizations_url": "https://api.github.com/users/logscape/orgs",
      "repos_url": "https://api.github.com/users/logscape/repos",
      "events_url": "https://api.github.com/users/logscape/events{/privacy}",
      "received_events_url": "https://api.github.com/users/logscape/received_events",
      "type": "User",
      "site_admin": false
    },
    "private": false,
    "html_url": "https://github.com/logscape/logscape.github.io",
    "description": "Documentation",
    "fork": false,
    "url": "https://api.github.com/repos/logscape/logscape.github.io",
    "forks_url": "https://api.github.com/repos/logscape/logscape.github.io/forks",
    "keys_url": "https://api.github.com/repos/logscape/logscape.github.io/keys{/key_id}",
    "collaborators_url": "https://api.github.com/repos/logscape/logscape.github.io/collaborators{/collaborator}",
    "teams_url": "https://api.github.com/repos/logscape/logscape.github.io/teams",
    "hooks_url": "https://api.github.com/repos/logscape/logscape.github.io/hooks",
    "issue_events_url": "https://api.github.com/repos/logscape/logscape.github.io/issues/events{/number}",
    "events_url": "https://api.github.com/repos/logscape/logscape.github.io/events",
    "assignees_url": "https://api.github.com/repos/logscape/logscape.github.io/assignees{/user}",
    "branches_url": "https://api.github.com/repos/logscape/logscape.github.io/branches{/branch}",
    "tags_url": "https://api.github.com/repos/logscape/logscape.github.io/tags",
    "blobs_url": "https://api.github.com/repos/logscape/logscape.github.io/git/blobs{/sha}",
    "git_tags_url": "https://api.github.com/repos/logscape/logscape.github.io/git/tags{/sha}",
    "git_refs_url": "https://api.github.com/repos/logscape/logscape.github.io/git/refs{/sha}",
    "trees_url": "https://api.github.com/repos/logscape/logscape.github.io/git/trees{/sha}",
    "statuses_url": "https://api.github.com/repos/logscape/logscape.github.io/statuses/{sha}",
    "languages_url": "https://api.github.com/repos/logscape/logscape.github.io/languages",
    "stargazers_url": "https://api.github.com/repos/logscape/logscape.github.io/stargazers",
    "contributors_url": "https://api.github.com/repos/logscape/logscape.github.io/contributors",
    "subscribers_url": "https://api.github.com/repos/logscape/logscape.github.io/subscribers",
    "subscription_url": "https://api.github.com/repos/logscape/logscape.github.io/subscription",
    "commits_url": "https://api.github.com/repos/logscape/logscape.github.io/commits{/sha}",
    "git_commits_url": "https://api.github.com/repos/logscape/logscape.github.io/git/commits{/sha}",
    "comments_url": "https://api.github.com/repos/logscape/logscape.github.io/comments{/number}",
    "issue_comment_url": "https://api.github.com/repos/logscape/logscape.github.io/issues/comments/{number}",
    "contents_url": "https://api.github.com/repos/logscape/logscape.github.io/contents/{+path}",
    "compare_url": "https://api.github.com/repos/logscape/logscape.github.io/compare/{base}...{head}",
    "merges_url": "https://api.github.com/repos/logscape/logscape.github.io/merges",
    "archive_url": "https://api.github.com/repos/logscape/logscape.github.io/{archive_format}{/ref}",
    "downloads_url": "https://api.github.com/repos/logscape/logscape.github.io/downloads",
    "issues_url": "https://api.github.com/repos/logscape/logscape.github.io/issues{/number}",
    "pulls_url": "https://api.github.com/repos/logscape/logscape.github.io/pulls{/number}",
    "milestones_url": "https://api.github.com/repos/logscape/logscape.github.io/milestones{/number}",
    "notifications_url": "https://api.github.com/repos/logscape/logscape.github.io/notifications{?since,all,participating}",
    "labels_url": "https://api.github.com/repos/logscape/logscape.github.io/labels{/name}",
    "releases_url": "https://api.github.com/repos/logscape/logscape.github.io/releases{/id}",
    "created_at": "2013-08-21T07:36:40Z",
    "updated_at": "2014-10-01T15:21:16Z",
    "pushed_at": "2014-11-05T09:15:05Z",
    "git_url": "git://github.com/logscape/logscape.github.io.git",
    "ssh_url": "git@github.com:logscape/logscape.github.io.git",
    "clone_url": "https://github.com/logscape/logscape.github.io.git",
    "svn_url": "https://github.com/logscape/logscape.github.io",
    "homepage": null,
    "size": 24814,
    "stargazers_count": 0,
    "watchers_count": 0,
    "language": "JavaScript",
    "has_issues": true,
    "has_downloads": true,
    "has_wiki": true,
    "has_pages": true,
    "forks_count": 1,
    "mirror_url": null,
    "open_issues_count": 0,
    "forks": 1,
    "open_issues": 0,
    "watchers": 0,
    "default_branch": "master"
  },
  {
    "id": 22990654,
    "name": "mongodbapp",
    "full_name": "logscape/mongodbapp",
    "owner": {
      "login": "logscape",
      "id": 2970277,
      "avatar_url": "https://avatars.githubusercontent.com/u/2970277?v=2",
      "gravatar_id": "",
      "url": "https://api.github.com/users/logscape",
      "html_url": "https://github.com/logscape",
      "followers_url": "https://api.github.com/users/logscape/followers",
      "following_url": "https://api.github.com/users/logscape/following{/other_user}",
      "gists_url": "https://api.github.com/users/logscape/gists{/gist_id}",
      "starred_url": "https://api.github.com/users/logscape/starred{/owner}{/repo}",
      "subscriptions_url": "https://api.github.com/users/logscape/subscriptions",
      "organizations_url": "https://api.github.com/users/logscape/orgs",
      "repos_url": "https://api.github.com/users/logscape/repos",
      "events_url": "https://api.github.com/users/logscape/events{/privacy}",
      "received_events_url": "https://api.github.com/users/logscape/received_events",
      "type": "User",
      "site_admin": false
    },
    "private": false,
    "html_url": "https://github.com/logscape/mongodbapp",
    "description": "",
    "fork": false,
    "url": "https://api.github.com/repos/logscape/mongodbapp",
    "forks_url": "https://api.github.com/repos/logscape/mongodbapp/forks",
    "keys_url": "https://api.github.com/repos/logscape/mongodbapp/keys{/key_id}",
    "collaborators_url": "https://api.github.com/repos/logscape/mongodbapp/collaborators{/collaborator}",
    "teams_url": "https://api.github.com/repos/logscape/mongodbapp/teams",
    "hooks_url": "https://api.github.com/repos/logscape/mongodbapp/hooks",
    "issue_events_url": "https://api.github.com/repos/logscape/mongodbapp/issues/events{/number}",
    "events_url": "https://api.github.com/repos/logscape/mongodbapp/events",
    "assignees_url": "https://api.github.com/repos/logscape/mongodbapp/assignees{/user}",
    "branches_url": "https://api.github.com/repos/logscape/mongodbapp/branches{/branch}",
    "tags_url": "https://api.github.com/repos/logscape/mongodbapp/tags",
    "blobs_url": "https://api.github.com/repos/logscape/mongodbapp/git/blobs{/sha}",
    "git_tags_url": "https://api.github.com/repos/logscape/mongodbapp/git/tags{/sha}",
    "git_refs_url": "https://api.github.com/repos/logscape/mongodbapp/git/refs{/sha}",
    "trees_url": "https://api.github.com/repos/logscape/mongodbapp/git/trees{/sha}",
    "statuses_url": "https://api.github.com/repos/logscape/mongodbapp/statuses/{sha}",
    "languages_url": "https://api.github.com/repos/logscape/mongodbapp/languages",
    "stargazers_url": "https://api.github.com/repos/logscape/mongodbapp/stargazers",
    "contributors_url": "https://api.github.com/repos/logscape/mongodbapp/contributors",
    "subscribers_url": "https://api.github.com/repos/logscape/mongodbapp/subscribers",
    "subscription_url": "https://api.github.com/repos/logscape/mongodbapp/subscription",
    "commits_url": "https://api.github.com/repos/logscape/mongodbapp/commits{/sha}",
    "git_commits_url": "https://api.github.com/repos/logscape/mongodbapp/git/commits{/sha}",
    "comments_url": "https://api.github.com/repos/logscape/mongodbapp/comments{/number}",
    "issue_comment_url": "https://api.github.com/repos/logscape/mongodbapp/issues/comments/{number}",
    "contents_url": "https://api.github.com/repos/logscape/mongodbapp/contents/{+path}",
    "compare_url": "https://api.github.com/repos/logscape/mongodbapp/compare/{base}...{head}",
    "merges_url": "https://api.github.com/repos/logscape/mongodbapp/merges",
    "archive_url": "https://api.github.com/repos/logscape/mongodbapp/{archive_format}{/ref}",
    "downloads_url": "https://api.github.com/repos/logscape/mongodbapp/downloads",
    "issues_url": "https://api.github.com/repos/logscape/mongodbapp/issues{/number}",
    "pulls_url": "https://api.github.com/repos/logscape/mongodbapp/pulls{/number}",
    "milestones_url": "https://api.github.com/repos/logscape/mongodbapp/milestones{/number}",
    "notifications_url": "https://api.github.com/repos/logscape/mongodbapp/notifications{?since,all,participating}",
    "labels_url": "https://api.github.com/repos/logscape/mongodbapp/labels{/name}",
    "releases_url": "https://api.github.com/repos/logscape/mongodbapp/releases{/id}",
    "created_at": "2014-08-15T13:39:11Z",
    "updated_at": "2014-08-15T13:39:11Z",
    "pushed_at": "2014-08-15T13:42:58Z",
    "git_url": "git://github.com/logscape/mongodbapp.git",
    "ssh_url": "git@github.com:logscape/mongodbapp.git",
    "clone_url": "https://github.com/logscape/mongodbapp.git",
    "svn_url": "https://github.com/logscape/mongodbapp",
    "homepage": null,
    "size": 756,
    "stargazers_count": 0,
    "watchers_count": 0,
    "language": null,
    "has_issues": true,
    "has_downloads": true,
    "has_wiki": true,
    "has_pages": false,
    "forks_count": 0,
    "mirror_url": null,
    "open_issues_count": 0,
    "forks": 0,
    "open_issues": 0,
    "watchers": 0,
    "default_branch": "master"
  },
  {
    "id": 25304044,
    "name": "mysqlapp",
    "full_name": "logscape/mysqlapp",
    "owner": {
      "login": "logscape",
      "id": 2970277,
      "avatar_url": "https://avatars.githubusercontent.com/u/2970277?v=2",
      "gravatar_id": "",
      "url": "https://api.github.com/users/logscape",
      "html_url": "https://github.com/logscape",
      "followers_url": "https://api.github.com/users/logscape/followers",
      "following_url": "https://api.github.com/users/logscape/following{/other_user}",
      "gists_url": "https://api.github.com/users/logscape/gists{/gist_id}",
      "starred_url": "https://api.github.com/users/logscape/starred{/owner}{/repo}",
      "subscriptions_url": "https://api.github.com/users/logscape/subscriptions",
      "organizations_url": "https://api.github.com/users/logscape/orgs",
      "repos_url": "https://api.github.com/users/logscape/repos",
      "events_url": "https://api.github.com/users/logscape/events{/privacy}",
      "received_events_url": "https://api.github.com/users/logscape/received_events",
      "type": "User",
      "site_admin": false
    },
    "private": false,
    "html_url": "https://github.com/logscape/mysqlapp",
    "description": "App to monitor Mysql db",
    "fork": false,
    "url": "https://api.github.com/repos/logscape/mysqlapp",
    "forks_url": "https://api.github.com/repos/logscape/mysqlapp/forks",
    "keys_url": "https://api.github.com/repos/logscape/mysqlapp/keys{/key_id}",
    "collaborators_url": "https://api.github.com/repos/logscape/mysqlapp/collaborators{/collaborator}",
    "teams_url": "https://api.github.com/repos/logscape/mysqlapp/teams",
    "hooks_url": "https://api.github.com/repos/logscape/mysqlapp/hooks",
    "issue_events_url": "https://api.github.com/repos/logscape/mysqlapp/issues/events{/number}",
    "events_url": "https://api.github.com/repos/logscape/mysqlapp/events",
    "assignees_url": "https://api.github.com/repos/logscape/mysqlapp/assignees{/user}",
    "branches_url": "https://api.github.com/repos/logscape/mysqlapp/branches{/branch}",
    "tags_url": "https://api.github.com/repos/logscape/mysqlapp/tags",
    "blobs_url": "https://api.github.com/repos/logscape/mysqlapp/git/blobs{/sha}",
    "git_tags_url": "https://api.github.com/repos/logscape/mysqlapp/git/tags{/sha}",
    "git_refs_url": "https://api.github.com/repos/logscape/mysqlapp/git/refs{/sha}",
    "trees_url": "https://api.github.com/repos/logscape/mysqlapp/git/trees{/sha}",
    "statuses_url": "https://api.github.com/repos/logscape/mysqlapp/statuses/{sha}",
    "languages_url": "https://api.github.com/repos/logscape/mysqlapp/languages",
    "stargazers_url": "https://api.github.com/repos/logscape/mysqlapp/stargazers",
    "contributors_url": "https://api.github.com/repos/logscape/mysqlapp/contributors",
    "subscribers_url": "https://api.github.com/repos/logscape/mysqlapp/subscribers",
    "subscription_url": "https://api.github.com/repos/logscape/mysqlapp/subscription",
    "commits_url": "https://api.github.com/repos/logscape/mysqlapp/commits{/sha}",
    "git_commits_url": "https://api.github.com/repos/logscape/mysqlapp/git/commits{/sha}",
    "comments_url": "https://api.github.com/repos/logscape/mysqlapp/comments{/number}",
    "issue_comment_url": "https://api.github.com/repos/logscape/mysqlapp/issues/comments/{number}",
    "contents_url": "https://api.github.com/repos/logscape/mysqlapp/contents/{+path}",
    "compare_url": "https://api.github.com/repos/logscape/mysqlapp/compare/{base}...{head}",
    "merges_url": "https://api.github.com/repos/logscape/mysqlapp/merges",
    "archive_url": "https://api.github.com/repos/logscape/mysqlapp/{archive_format}{/ref}",
    "downloads_url": "https://api.github.com/repos/logscape/mysqlapp/downloads",
    "issues_url": "https://api.github.com/repos/logscape/mysqlapp/issues{/number}",
    "pulls_url": "https://api.github.com/repos/logscape/mysqlapp/pulls{/number}",
    "milestones_url": "https://api.github.com/repos/logscape/mysqlapp/milestones{/number}",
    "notifications_url": "https://api.github.com/repos/logscape/mysqlapp/notifications{?since,all,participating}",
    "labels_url": "https://api.github.com/repos/logscape/mysqlapp/labels{/name}",
    "releases_url": "https://api.github.com/repos/logscape/mysqlapp/releases{/id}",
    "created_at": "2014-10-16T13:43:37Z",
    "updated_at": "2014-10-16T13:43:37Z",
    "pushed_at": "2014-10-17T13:39:43Z",
    "git_url": "git://github.com/logscape/mysqlapp.git",
    "ssh_url": "git@github.com:logscape/mysqlapp.git",
    "clone_url": "https://github.com/logscape/mysqlapp.git",
    "svn_url": "https://github.com/logscape/mysqlapp",
    "homepage": null,
    "size": 2828,
    "stargazers_count": 0,
    "watchers_count": 0,
    "language": null,
    "has_issues": true,
    "has_downloads": true,
    "has_wiki": true,
    "has_pages": false,
    "forks_count": 0,
    "mirror_url": null,
    "open_issues_count": 0,
    "forks": 0,
    "open_issues": 0,
    "watchers": 0,
    "default_branch": "master"
  },
  {
    "id": 23395096,
    "name": "nginxapp",
    "full_name": "logscape/nginxapp",
    "owner": {
      "login": "logscape",
      "id": 2970277,
      "avatar_url": "https://avatars.githubusercontent.com/u/2970277?v=2",
      "gravatar_id": "",
      "url": "https://api.github.com/users/logscape",
      "html_url": "https://github.com/logscape",
      "followers_url": "https://api.github.com/users/logscape/followers",
      "following_url": "https://api.github.com/users/logscape/following{/other_user}",
      "gists_url": "https://api.github.com/users/logscape/gists{/gist_id}",
      "starred_url": "https://api.github.com/users/logscape/starred{/owner}{/repo}",
      "subscriptions_url": "https://api.github.com/users/logscape/subscriptions",
      "organizations_url": "https://api.github.com/users/logscape/orgs",
      "repos_url": "https://api.github.com/users/logscape/repos",
      "events_url": "https://api.github.com/users/logscape/events{/privacy}",
      "received_events_url": "https://api.github.com/users/logscape/received_events",
      "type": "User",
      "site_admin": false
    },
    "private": false,
    "html_url": "https://github.com/logscape/nginxapp",
    "description": "",
    "fork": false,
    "url": "https://api.github.com/repos/logscape/nginxapp",
    "forks_url": "https://api.github.com/repos/logscape/nginxapp/forks",
    "keys_url": "https://api.github.com/repos/logscape/nginxapp/keys{/key_id}",
    "collaborators_url": "https://api.github.com/repos/logscape/nginxapp/collaborators{/collaborator}",
    "teams_url": "https://api.github.com/repos/logscape/nginxapp/teams",
    "hooks_url": "https://api.github.com/repos/logscape/nginxapp/hooks",
    "issue_events_url": "https://api.github.com/repos/logscape/nginxapp/issues/events{/number}",
    "events_url": "https://api.github.com/repos/logscape/nginxapp/events",
    "assignees_url": "https://api.github.com/repos/logscape/nginxapp/assignees{/user}",
    "branches_url": "https://api.github.com/repos/logscape/nginxapp/branches{/branch}",
    "tags_url": "https://api.github.com/repos/logscape/nginxapp/tags",
    "blobs_url": "https://api.github.com/repos/logscape/nginxapp/git/blobs{/sha}",
    "git_tags_url": "https://api.github.com/repos/logscape/nginxapp/git/tags{/sha}",
    "git_refs_url": "https://api.github.com/repos/logscape/nginxapp/git/refs{/sha}",
    "trees_url": "https://api.github.com/repos/logscape/nginxapp/git/trees{/sha}",
    "statuses_url": "https://api.github.com/repos/logscape/nginxapp/statuses/{sha}",
    "languages_url": "https://api.github.com/repos/logscape/nginxapp/languages",
    "stargazers_url": "https://api.github.com/repos/logscape/nginxapp/stargazers",
    "contributors_url": "https://api.github.com/repos/logscape/nginxapp/contributors",
    "subscribers_url": "https://api.github.com/repos/logscape/nginxapp/subscribers",
    "subscription_url": "https://api.github.com/repos/logscape/nginxapp/subscription",
    "commits_url": "https://api.github.com/repos/logscape/nginxapp/commits{/sha}",
    "git_commits_url": "https://api.github.com/repos/logscape/nginxapp/git/commits{/sha}",
    "comments_url": "https://api.github.com/repos/logscape/nginxapp/comments{/number}",
    "issue_comment_url": "https://api.github.com/repos/logscape/nginxapp/issues/comments/{number}",
    "contents_url": "https://api.github.com/repos/logscape/nginxapp/contents/{+path}",
    "compare_url": "https://api.github.com/repos/logscape/nginxapp/compare/{base}...{head}",
    "merges_url": "https://api.github.com/repos/logscape/nginxapp/merges",
    "archive_url": "https://api.github.com/repos/logscape/nginxapp/{archive_format}{/ref}",
    "downloads_url": "https://api.github.com/repos/logscape/nginxapp/downloads",
    "issues_url": "https://api.github.com/repos/logscape/nginxapp/issues{/number}",
    "pulls_url": "https://api.github.com/repos/logscape/nginxapp/pulls{/number}",
    "milestones_url": "https://api.github.com/repos/logscape/nginxapp/milestones{/number}",
    "notifications_url": "https://api.github.com/repos/logscape/nginxapp/notifications{?since,all,participating}",
    "labels_url": "https://api.github.com/repos/logscape/nginxapp/labels{/name}",
    "releases_url": "https://api.github.com/repos/logscape/nginxapp/releases{/id}",
    "created_at": "2014-08-27T15:33:09Z",
    "updated_at": "2014-08-27T15:33:09Z",
    "pushed_at": "2014-08-27T15:50:42Z",
    "git_url": "git://github.com/logscape/nginxapp.git",
    "ssh_url": "git@github.com:logscape/nginxapp.git",
    "clone_url": "https://github.com/logscape/nginxapp.git",
    "svn_url": "https://github.com/logscape/nginxapp",
    "homepage": null,
    "size": 7380,
    "stargazers_count": 0,
    "watchers_count": 0,
    "language": null,
    "has_issues": true,
    "has_downloads": true,
    "has_wiki": true,
    "has_pages": false,
    "forks_count": 0,
    "mirror_url": null,
    "open_issues_count": 0,
    "forks": 0,
    "open_issues": 0,
    "watchers": 0,
    "default_branch": "master"
  },
  {
    "id": 15793093,
    "name": "persistit",
    "full_name": "logscape/persistit",
    "owner": {
      "login": "logscape",
      "id": 2970277,
      "avatar_url": "https://avatars.githubusercontent.com/u/2970277?v=2",
      "gravatar_id": "",
      "url": "https://api.github.com/users/logscape",
      "html_url": "https://github.com/logscape",
      "followers_url": "https://api.github.com/users/logscape/followers",
      "following_url": "https://api.github.com/users/logscape/following{/other_user}",
      "gists_url": "https://api.github.com/users/logscape/gists{/gist_id}",
      "starred_url": "https://api.github.com/users/logscape/starred{/owner}{/repo}",
      "subscriptions_url": "https://api.github.com/users/logscape/subscriptions",
      "organizations_url": "https://api.github.com/users/logscape/orgs",
      "repos_url": "https://api.github.com/users/logscape/repos",
      "events_url": "https://api.github.com/users/logscape/events{/privacy}",
      "received_events_url": "https://api.github.com/users/logscape/received_events",
      "type": "User",
      "site_admin": false
    },
    "private": false,
    "html_url": "https://github.com/logscape/persistit",
    "description": "",
    "fork": true,
    "url": "https://api.github.com/repos/logscape/persistit",
    "forks_url": "https://api.github.com/repos/logscape/persistit/forks",
    "keys_url": "https://api.github.com/repos/logscape/persistit/keys{/key_id}",
    "collaborators_url": "https://api.github.com/repos/logscape/persistit/collaborators{/collaborator}",
    "teams_url": "https://api.github.com/repos/logscape/persistit/teams",
    "hooks_url": "https://api.github.com/repos/logscape/persistit/hooks",
    "issue_events_url": "https://api.github.com/repos/logscape/persistit/issues/events{/number}",
    "events_url": "https://api.github.com/repos/logscape/persistit/events",
    "assignees_url": "https://api.github.com/repos/logscape/persistit/assignees{/user}",
    "branches_url": "https://api.github.com/repos/logscape/persistit/branches{/branch}",
    "tags_url": "https://api.github.com/repos/logscape/persistit/tags",
    "blobs_url": "https://api.github.com/repos/logscape/persistit/git/blobs{/sha}",
    "git_tags_url": "https://api.github.com/repos/logscape/persistit/git/tags{/sha}",
    "git_refs_url": "https://api.github.com/repos/logscape/persistit/git/refs{/sha}",
    "trees_url": "https://api.github.com/repos/logscape/persistit/git/trees{/sha}",
    "statuses_url": "https://api.github.com/repos/logscape/persistit/statuses/{sha}",
    "languages_url": "https://api.github.com/repos/logscape/persistit/languages",
    "stargazers_url": "https://api.github.com/repos/logscape/persistit/stargazers",
    "contributors_url": "https://api.github.com/repos/logscape/persistit/contributors",
    "subscribers_url": "https://api.github.com/repos/logscape/persistit/subscribers",
    "subscription_url": "https://api.github.com/repos/logscape/persistit/subscription",
    "commits_url": "https://api.github.com/repos/logscape/persistit/commits{/sha}",
    "git_commits_url": "https://api.github.com/repos/logscape/persistit/git/commits{/sha}",
    "comments_url": "https://api.github.com/repos/logscape/persistit/comments{/number}",
    "issue_comment_url": "https://api.github.com/repos/logscape/persistit/issues/comments/{number}",
    "contents_url": "https://api.github.com/repos/logscape/persistit/contents/{+path}",
    "compare_url": "https://api.github.com/repos/logscape/persistit/compare/{base}...{head}",
    "merges_url": "https://api.github.com/repos/logscape/persistit/merges",
    "archive_url": "https://api.github.com/repos/logscape/persistit/{archive_format}{/ref}",
    "downloads_url": "https://api.github.com/repos/logscape/persistit/downloads",
    "issues_url": "https://api.github.com/repos/logscape/persistit/issues{/number}",
    "pulls_url": "https://api.github.com/repos/logscape/persistit/pulls{/number}",
    "milestones_url": "https://api.github.com/repos/logscape/persistit/milestones{/number}",
    "notifications_url": "https://api.github.com/repos/logscape/persistit/notifications{?since,all,participating}",
    "labels_url": "https://api.github.com/repos/logscape/persistit/labels{/name}",
    "releases_url": "https://api.github.com/repos/logscape/persistit/releases{/id}",
    "created_at": "2014-01-10T08:58:18Z",
    "updated_at": "2014-03-31T09:09:09Z",
    "pushed_at": "2014-03-31T09:09:12Z",
    "git_url": "git://github.com/logscape/persistit.git",
    "ssh_url": "git@github.com:logscape/persistit.git",
    "clone_url": "https://github.com/logscape/persistit.git",
    "svn_url": "https://github.com/logscape/persistit",
    "homepage": null,
    "size": 58289,
    "stargazers_count": 0,
    "watchers_count": 0,
    "language": "Java",
    "has_issues": false,
    "has_downloads": true,
    "has_wiki": true,
    "has_pages": true,
    "forks_count": 0,
    "mirror_url": null,
    "open_issues_count": 0,
    "forks": 0,
    "open_issues": 0,
    "watchers": 0,
    "default_branch": "master"
  },
  {
    "id": 25915920,
    "name": "postgresapp",
    "full_name": "logscape/postgresapp",
    "owner": {
      "login": "logscape",
      "id": 2970277,
      "avatar_url": "https://avatars.githubusercontent.com/u/2970277?v=2",
      "gravatar_id": "",
      "url": "https://api.github.com/users/logscape",
      "html_url": "https://github.com/logscape",
      "followers_url": "https://api.github.com/users/logscape/followers",
      "following_url": "https://api.github.com/users/logscape/following{/other_user}",
      "gists_url": "https://api.github.com/users/logscape/gists{/gist_id}",
      "starred_url": "https://api.github.com/users/logscape/starred{/owner}{/repo}",
      "subscriptions_url": "https://api.github.com/users/logscape/subscriptions",
      "organizations_url": "https://api.github.com/users/logscape/orgs",
      "repos_url": "https://api.github.com/users/logscape/repos",
      "events_url": "https://api.github.com/users/logscape/events{/privacy}",
      "received_events_url": "https://api.github.com/users/logscape/received_events",
      "type": "User",
      "site_admin": false
    },
    "private": false,
    "html_url": "https://github.com/logscape/postgresapp",
    "description": "Monitor Postgres Databases",
    "fork": false,
    "url": "https://api.github.com/repos/logscape/postgresapp",
    "forks_url": "https://api.github.com/repos/logscape/postgresapp/forks",
    "keys_url": "https://api.github.com/repos/logscape/postgresapp/keys{/key_id}",
    "collaborators_url": "https://api.github.com/repos/logscape/postgresapp/collaborators{/collaborator}",
    "teams_url": "https://api.github.com/repos/logscape/postgresapp/teams",
    "hooks_url": "https://api.github.com/repos/logscape/postgresapp/hooks",
    "issue_events_url": "https://api.github.com/repos/logscape/postgresapp/issues/events{/number}",
    "events_url": "https://api.github.com/repos/logscape/postgresapp/events",
    "assignees_url": "https://api.github.com/repos/logscape/postgresapp/assignees{/user}",
    "branches_url": "https://api.github.com/repos/logscape/postgresapp/branches{/branch}",
    "tags_url": "https://api.github.com/repos/logscape/postgresapp/tags",
    "blobs_url": "https://api.github.com/repos/logscape/postgresapp/git/blobs{/sha}",
    "git_tags_url": "https://api.github.com/repos/logscape/postgresapp/git/tags{/sha}",
    "git_refs_url": "https://api.github.com/repos/logscape/postgresapp/git/refs{/sha}",
    "trees_url": "https://api.github.com/repos/logscape/postgresapp/git/trees{/sha}",
    "statuses_url": "https://api.github.com/repos/logscape/postgresapp/statuses/{sha}",
    "languages_url": "https://api.github.com/repos/logscape/postgresapp/languages",
    "stargazers_url": "https://api.github.com/repos/logscape/postgresapp/stargazers",
    "contributors_url": "https://api.github.com/repos/logscape/postgresapp/contributors",
    "subscribers_url": "https://api.github.com/repos/logscape/postgresapp/subscribers",
    "subscription_url": "https://api.github.com/repos/logscape/postgresapp/subscription",
    "commits_url": "https://api.github.com/repos/logscape/postgresapp/commits{/sha}",
    "git_commits_url": "https://api.github.com/repos/logscape/postgresapp/git/commits{/sha}",
    "comments_url": "https://api.github.com/repos/logscape/postgresapp/comments{/number}",
    "issue_comment_url": "https://api.github.com/repos/logscape/postgresapp/issues/comments/{number}",
    "contents_url": "https://api.github.com/repos/logscape/postgresapp/contents/{+path}",
    "compare_url": "https://api.github.com/repos/logscape/postgresapp/compare/{base}...{head}",
    "merges_url": "https://api.github.com/repos/logscape/postgresapp/merges",
    "archive_url": "https://api.github.com/repos/logscape/postgresapp/{archive_format}{/ref}",
    "downloads_url": "https://api.github.com/repos/logscape/postgresapp/downloads",
    "issues_url": "https://api.github.com/repos/logscape/postgresapp/issues{/number}",
    "pulls_url": "https://api.github.com/repos/logscape/postgresapp/pulls{/number}",
    "milestones_url": "https://api.github.com/repos/logscape/postgresapp/milestones{/number}",
    "notifications_url": "https://api.github.com/repos/logscape/postgresapp/notifications{?since,all,participating}",
    "labels_url": "https://api.github.com/repos/logscape/postgresapp/labels{/name}",
    "releases_url": "https://api.github.com/repos/logscape/postgresapp/releases{/id}",
    "created_at": "2014-10-29T10:35:46Z",
    "updated_at": "2014-10-29T11:02:22Z",
    "pushed_at": "2014-10-29T15:07:09Z",
    "git_url": "git://github.com/logscape/postgresapp.git",
    "ssh_url": "git@github.com:logscape/postgresapp.git",
    "clone_url": "https://github.com/logscape/postgresapp.git",
    "svn_url": "https://github.com/logscape/postgresapp",
    "homepage": null,
    "size": 1756,
    "stargazers_count": 0,
    "watchers_count": 0,
    "language": "Groovy",
    "has_issues": true,
    "has_downloads": true,
    "has_wiki": true,
    "has_pages": false,
    "forks_count": 0,
    "mirror_url": null,
    "open_issues_count": 0,
    "forks": 0,
    "open_issues": 0,
    "watchers": 0,
    "default_branch": "master"
  },
  {
    "id": 12216309,
    "name": "unixapp",
    "full_name": "logscape/unixapp",
    "owner": {
      "login": "logscape",
      "id": 2970277,
      "avatar_url": "https://avatars.githubusercontent.com/u/2970277?v=2",
      "gravatar_id": "",
      "url": "https://api.github.com/users/logscape",
      "html_url": "https://github.com/logscape",
      "followers_url": "https://api.github.com/users/logscape/followers",
      "following_url": "https://api.github.com/users/logscape/following{/other_user}",
      "gists_url": "https://api.github.com/users/logscape/gists{/gist_id}",
      "starred_url": "https://api.github.com/users/logscape/starred{/owner}{/repo}",
      "subscriptions_url": "https://api.github.com/users/logscape/subscriptions",
      "organizations_url": "https://api.github.com/users/logscape/orgs",
      "repos_url": "https://api.github.com/users/logscape/repos",
      "events_url": "https://api.github.com/users/logscape/events{/privacy}",
      "received_events_url": "https://api.github.com/users/logscape/received_events",
      "type": "User",
      "site_admin": false
    },
    "private": false,
    "html_url": "https://github.com/logscape/unixapp",
    "description": "OS Monitoring KPIs ",
    "fork": false,
    "url": "https://api.github.com/repos/logscape/unixapp",
    "forks_url": "https://api.github.com/repos/logscape/unixapp/forks",
    "keys_url": "https://api.github.com/repos/logscape/unixapp/keys{/key_id}",
    "collaborators_url": "https://api.github.com/repos/logscape/unixapp/collaborators{/collaborator}",
    "teams_url": "https://api.github.com/repos/logscape/unixapp/teams",
    "hooks_url": "https://api.github.com/repos/logscape/unixapp/hooks",
    "issue_events_url": "https://api.github.com/repos/logscape/unixapp/issues/events{/number}",
    "events_url": "https://api.github.com/repos/logscape/unixapp/events",
    "assignees_url": "https://api.github.com/repos/logscape/unixapp/assignees{/user}",
    "branches_url": "https://api.github.com/repos/logscape/unixapp/branches{/branch}",
    "tags_url": "https://api.github.com/repos/logscape/unixapp/tags",
    "blobs_url": "https://api.github.com/repos/logscape/unixapp/git/blobs{/sha}",
    "git_tags_url": "https://api.github.com/repos/logscape/unixapp/git/tags{/sha}",
    "git_refs_url": "https://api.github.com/repos/logscape/unixapp/git/refs{/sha}",
    "trees_url": "https://api.github.com/repos/logscape/unixapp/git/trees{/sha}",
    "statuses_url": "https://api.github.com/repos/logscape/unixapp/statuses/{sha}",
    "languages_url": "https://api.github.com/repos/logscape/unixapp/languages",
    "stargazers_url": "https://api.github.com/repos/logscape/unixapp/stargazers",
    "contributors_url": "https://api.github.com/repos/logscape/unixapp/contributors",
    "subscribers_url": "https://api.github.com/repos/logscape/unixapp/subscribers",
    "subscription_url": "https://api.github.com/repos/logscape/unixapp/subscription",
    "commits_url": "https://api.github.com/repos/logscape/unixapp/commits{/sha}",
    "git_commits_url": "https://api.github.com/repos/logscape/unixapp/git/commits{/sha}",
    "comments_url": "https://api.github.com/repos/logscape/unixapp/comments{/number}",
    "issue_comment_url": "https://api.github.com/repos/logscape/unixapp/issues/comments/{number}",
    "contents_url": "https://api.github.com/repos/logscape/unixapp/contents/{+path}",
    "compare_url": "https://api.github.com/repos/logscape/unixapp/compare/{base}...{head}",
    "merges_url": "https://api.github.com/repos/logscape/unixapp/merges",
    "archive_url": "https://api.github.com/repos/logscape/unixapp/{archive_format}{/ref}",
    "downloads_url": "https://api.github.com/repos/logscape/unixapp/downloads",
    "issues_url": "https://api.github.com/repos/logscape/unixapp/issues{/number}",
    "pulls_url": "https://api.github.com/repos/logscape/unixapp/pulls{/number}",
    "milestones_url": "https://api.github.com/repos/logscape/unixapp/milestones{/number}",
    "notifications_url": "https://api.github.com/repos/logscape/unixapp/notifications{?since,all,participating}",
    "labels_url": "https://api.github.com/repos/logscape/unixapp/labels{/name}",
    "releases_url": "https://api.github.com/repos/logscape/unixapp/releases{/id}",
    "created_at": "2013-08-19T12:39:56Z",
    "updated_at": "2014-09-03T16:55:50Z",
    "pushed_at": "2014-11-04T13:13:34Z",
    "git_url": "git://github.com/logscape/unixapp.git",
    "ssh_url": "git@github.com:logscape/unixapp.git",
    "clone_url": "https://github.com/logscape/unixapp.git",
    "svn_url": "https://github.com/logscape/unixapp",
    "homepage": null,
    "size": 2244,
    "stargazers_count": 2,
    "watchers_count": 2,
    "language": "Shell",
    "has_issues": true,
    "has_downloads": true,
    "has_wiki": true,
    "has_pages": false,
    "forks_count": 0,
    "mirror_url": null,
    "open_issues_count": 1,
    "forks": 0,
    "open_issues": 1,
    "watchers": 2,
    "default_branch": "master"
  },
  {
    "id": 12322867,
    "name": "vmwareapp",
    "full_name": "logscape/vmwareapp",
    "owner": {
      "login": "logscape",
      "id": 2970277,
      "avatar_url": "https://avatars.githubusercontent.com/u/2970277?v=2",
      "gravatar_id": "",
      "url": "https://api.github.com/users/logscape",
      "html_url": "https://github.com/logscape",
      "followers_url": "https://api.github.com/users/logscape/followers",
      "following_url": "https://api.github.com/users/logscape/following{/other_user}",
      "gists_url": "https://api.github.com/users/logscape/gists{/gist_id}",
      "starred_url": "https://api.github.com/users/logscape/starred{/owner}{/repo}",
      "subscriptions_url": "https://api.github.com/users/logscape/subscriptions",
      "organizations_url": "https://api.github.com/users/logscape/orgs",
      "repos_url": "https://api.github.com/users/logscape/repos",
      "events_url": "https://api.github.com/users/logscape/events{/privacy}",
      "received_events_url": "https://api.github.com/users/logscape/received_events",
      "type": "User",
      "site_admin": false
    },
    "private": false,
    "html_url": "https://github.com/logscape/vmwareapp",
    "description": "Monitor VMWare ESXi 5.0, 5.1",
    "fork": false,
    "url": "https://api.github.com/repos/logscape/vmwareapp",
    "forks_url": "https://api.github.com/repos/logscape/vmwareapp/forks",
    "keys_url": "https://api.github.com/repos/logscape/vmwareapp/keys{/key_id}",
    "collaborators_url": "https://api.github.com/repos/logscape/vmwareapp/collaborators{/collaborator}",
    "teams_url": "https://api.github.com/repos/logscape/vmwareapp/teams",
    "hooks_url": "https://api.github.com/repos/logscape/vmwareapp/hooks",
    "issue_events_url": "https://api.github.com/repos/logscape/vmwareapp/issues/events{/number}",
    "events_url": "https://api.github.com/repos/logscape/vmwareapp/events",
    "assignees_url": "https://api.github.com/repos/logscape/vmwareapp/assignees{/user}",
    "branches_url": "https://api.github.com/repos/logscape/vmwareapp/branches{/branch}",
    "tags_url": "https://api.github.com/repos/logscape/vmwareapp/tags",
    "blobs_url": "https://api.github.com/repos/logscape/vmwareapp/git/blobs{/sha}",
    "git_tags_url": "https://api.github.com/repos/logscape/vmwareapp/git/tags{/sha}",
    "git_refs_url": "https://api.github.com/repos/logscape/vmwareapp/git/refs{/sha}",
    "trees_url": "https://api.github.com/repos/logscape/vmwareapp/git/trees{/sha}",
    "statuses_url": "https://api.github.com/repos/logscape/vmwareapp/statuses/{sha}",
    "languages_url": "https://api.github.com/repos/logscape/vmwareapp/languages",
    "stargazers_url": "https://api.github.com/repos/logscape/vmwareapp/stargazers",
    "contributors_url": "https://api.github.com/repos/logscape/vmwareapp/contributors",
    "subscribers_url": "https://api.github.com/repos/logscape/vmwareapp/subscribers",
    "subscription_url": "https://api.github.com/repos/logscape/vmwareapp/subscription",
    "commits_url": "https://api.github.com/repos/logscape/vmwareapp/commits{/sha}",
    "git_commits_url": "https://api.github.com/repos/logscape/vmwareapp/git/commits{/sha}",
    "comments_url": "https://api.github.com/repos/logscape/vmwareapp/comments{/number}",
    "issue_comment_url": "https://api.github.com/repos/logscape/vmwareapp/issues/comments/{number}",
    "contents_url": "https://api.github.com/repos/logscape/vmwareapp/contents/{+path}",
    "compare_url": "https://api.github.com/repos/logscape/vmwareapp/compare/{base}...{head}",
    "merges_url": "https://api.github.com/repos/logscape/vmwareapp/merges",
    "archive_url": "https://api.github.com/repos/logscape/vmwareapp/{archive_format}{/ref}",
    "downloads_url": "https://api.github.com/repos/logscape/vmwareapp/downloads",
    "issues_url": "https://api.github.com/repos/logscape/vmwareapp/issues{/number}",
    "pulls_url": "https://api.github.com/repos/logscape/vmwareapp/pulls{/number}",
    "milestones_url": "https://api.github.com/repos/logscape/vmwareapp/milestones{/number}",
    "notifications_url": "https://api.github.com/repos/logscape/vmwareapp/notifications{?since,all,participating}",
    "labels_url": "https://api.github.com/repos/logscape/vmwareapp/labels{/name}",
    "releases_url": "https://api.github.com/repos/logscape/vmwareapp/releases{/id}",
    "created_at": "2013-08-23T12:48:54Z",
    "updated_at": "2013-12-07T11:30:32Z",
    "pushed_at": "2013-08-23T13:03:00Z",
    "git_url": "git://github.com/logscape/vmwareapp.git",
    "ssh_url": "git@github.com:logscape/vmwareapp.git",
    "clone_url": "https://github.com/logscape/vmwareapp.git",
    "svn_url": "https://github.com/logscape/vmwareapp",
    "homepage": null,
    "size": 376,
    "stargazers_count": 0,
    "watchers_count": 0,
    "language": null,
    "has_issues": true,
    "has_downloads": true,
    "has_wiki": true,
    "has_pages": false,
    "forks_count": 0,
    "mirror_url": null,
    "open_issues_count": 0,
    "forks": 0,
    "open_issues": 0,
    "watchers": 0,
    "default_branch": "master"
  },
  {
    "id": 12725143,
    "name": "weblogsapp",
    "full_name": "logscape/weblogsapp",
    "owner": {
      "login": "logscape",
      "id": 2970277,
      "avatar_url": "https://avatars.githubusercontent.com/u/2970277?v=2",
      "gravatar_id": "",
      "url": "https://api.github.com/users/logscape",
      "html_url": "https://github.com/logscape",
      "followers_url": "https://api.github.com/users/logscape/followers",
      "following_url": "https://api.github.com/users/logscape/following{/other_user}",
      "gists_url": "https://api.github.com/users/logscape/gists{/gist_id}",
      "starred_url": "https://api.github.com/users/logscape/starred{/owner}{/repo}",
      "subscriptions_url": "https://api.github.com/users/logscape/subscriptions",
      "organizations_url": "https://api.github.com/users/logscape/orgs",
      "repos_url": "https://api.github.com/users/logscape/repos",
      "events_url": "https://api.github.com/users/logscape/events{/privacy}",
      "received_events_url": "https://api.github.com/users/logscape/received_events",
      "type": "User",
      "site_admin": false
    },
    "private": false,
    "html_url": "https://github.com/logscape/weblogsapp",
    "description": "Web Log Analyzer",
    "fork": false,
    "url": "https://api.github.com/repos/logscape/weblogsapp",
    "forks_url": "https://api.github.com/repos/logscape/weblogsapp/forks",
    "keys_url": "https://api.github.com/repos/logscape/weblogsapp/keys{/key_id}",
    "collaborators_url": "https://api.github.com/repos/logscape/weblogsapp/collaborators{/collaborator}",
    "teams_url": "https://api.github.com/repos/logscape/weblogsapp/teams",
    "hooks_url": "https://api.github.com/repos/logscape/weblogsapp/hooks",
    "issue_events_url": "https://api.github.com/repos/logscape/weblogsapp/issues/events{/number}",
    "events_url": "https://api.github.com/repos/logscape/weblogsapp/events",
    "assignees_url": "https://api.github.com/repos/logscape/weblogsapp/assignees{/user}",
    "branches_url": "https://api.github.com/repos/logscape/weblogsapp/branches{/branch}",
    "tags_url": "https://api.github.com/repos/logscape/weblogsapp/tags",
    "blobs_url": "https://api.github.com/repos/logscape/weblogsapp/git/blobs{/sha}",
    "git_tags_url": "https://api.github.com/repos/logscape/weblogsapp/git/tags{/sha}",
    "git_refs_url": "https://api.github.com/repos/logscape/weblogsapp/git/refs{/sha}",
    "trees_url": "https://api.github.com/repos/logscape/weblogsapp/git/trees{/sha}",
    "statuses_url": "https://api.github.com/repos/logscape/weblogsapp/statuses/{sha}",
    "languages_url": "https://api.github.com/repos/logscape/weblogsapp/languages",
    "stargazers_url": "https://api.github.com/repos/logscape/weblogsapp/stargazers",
    "contributors_url": "https://api.github.com/repos/logscape/weblogsapp/contributors",
    "subscribers_url": "https://api.github.com/repos/logscape/weblogsapp/subscribers",
    "subscription_url": "https://api.github.com/repos/logscape/weblogsapp/subscription",
    "commits_url": "https://api.github.com/repos/logscape/weblogsapp/commits{/sha}",
    "git_commits_url": "https://api.github.com/repos/logscape/weblogsapp/git/commits{/sha}",
    "comments_url": "https://api.github.com/repos/logscape/weblogsapp/comments{/number}",
    "issue_comment_url": "https://api.github.com/repos/logscape/weblogsapp/issues/comments/{number}",
    "contents_url": "https://api.github.com/repos/logscape/weblogsapp/contents/{+path}",
    "compare_url": "https://api.github.com/repos/logscape/weblogsapp/compare/{base}...{head}",
    "merges_url": "https://api.github.com/repos/logscape/weblogsapp/merges",
    "archive_url": "https://api.github.com/repos/logscape/weblogsapp/{archive_format}{/ref}",
    "downloads_url": "https://api.github.com/repos/logscape/weblogsapp/downloads",
    "issues_url": "https://api.github.com/repos/logscape/weblogsapp/issues{/number}",
    "pulls_url": "https://api.github.com/repos/logscape/weblogsapp/pulls{/number}",
    "milestones_url": "https://api.github.com/repos/logscape/weblogsapp/milestones{/number}",
    "notifications_url": "https://api.github.com/repos/logscape/weblogsapp/notifications{?since,all,participating}",
    "labels_url": "https://api.github.com/repos/logscape/weblogsapp/labels{/name}",
    "releases_url": "https://api.github.com/repos/logscape/weblogsapp/releases{/id}",
    "created_at": "2013-09-10T09:08:35Z",
    "updated_at": "2013-09-30T12:55:23Z",
    "pushed_at": "2013-09-30T12:55:21Z",
    "git_url": "git://github.com/logscape/weblogsapp.git",
    "ssh_url": "git@github.com:logscape/weblogsapp.git",
    "clone_url": "https://github.com/logscape/weblogsapp.git",
    "svn_url": "https://github.com/logscape/weblogsapp",
    "homepage": null,
    "size": 656,
    "stargazers_count": 0,
    "watchers_count": 0,
    "language": null,
    "has_issues": true,
    "has_downloads": true,
    "has_wiki": true,
    "has_pages": false,
    "forks_count": 0,
    "mirror_url": null,
    "open_issues_count": 0,
    "forks": 0,
    "open_issues": 0,
    "watchers": 0,
    "default_branch": "master"
  },
  {
    "id": 12217637,
    "name": "windowsapp",
    "full_name": "logscape/windowsapp",
    "owner": {
      "login": "logscape",
      "id": 2970277,
      "avatar_url": "https://avatars.githubusercontent.com/u/2970277?v=2",
      "gravatar_id": "",
      "url": "https://api.github.com/users/logscape",
      "html_url": "https://github.com/logscape",
      "followers_url": "https://api.github.com/users/logscape/followers",
      "following_url": "https://api.github.com/users/logscape/following{/other_user}",
      "gists_url": "https://api.github.com/users/logscape/gists{/gist_id}",
      "starred_url": "https://api.github.com/users/logscape/starred{/owner}{/repo}",
      "subscriptions_url": "https://api.github.com/users/logscape/subscriptions",
      "organizations_url": "https://api.github.com/users/logscape/orgs",
      "repos_url": "https://api.github.com/users/logscape/repos",
      "events_url": "https://api.github.com/users/logscape/events{/privacy}",
      "received_events_url": "https://api.github.com/users/logscape/received_events",
      "type": "User",
      "site_admin": false
    },
    "private": false,
    "html_url": "https://github.com/logscape/windowsapp",
    "description": "Windows Operating System Monitoring",
    "fork": false,
    "url": "https://api.github.com/repos/logscape/windowsapp",
    "forks_url": "https://api.github.com/repos/logscape/windowsapp/forks",
    "keys_url": "https://api.github.com/repos/logscape/windowsapp/keys{/key_id}",
    "collaborators_url": "https://api.github.com/repos/logscape/windowsapp/collaborators{/collaborator}",
    "teams_url": "https://api.github.com/repos/logscape/windowsapp/teams",
    "hooks_url": "https://api.github.com/repos/logscape/windowsapp/hooks",
    "issue_events_url": "https://api.github.com/repos/logscape/windowsapp/issues/events{/number}",
    "events_url": "https://api.github.com/repos/logscape/windowsapp/events",
    "assignees_url": "https://api.github.com/repos/logscape/windowsapp/assignees{/user}",
    "branches_url": "https://api.github.com/repos/logscape/windowsapp/branches{/branch}",
    "tags_url": "https://api.github.com/repos/logscape/windowsapp/tags",
    "blobs_url": "https://api.github.com/repos/logscape/windowsapp/git/blobs{/sha}",
    "git_tags_url": "https://api.github.com/repos/logscape/windowsapp/git/tags{/sha}",
    "git_refs_url": "https://api.github.com/repos/logscape/windowsapp/git/refs{/sha}",
    "trees_url": "https://api.github.com/repos/logscape/windowsapp/git/trees{/sha}",
    "statuses_url": "https://api.github.com/repos/logscape/windowsapp/statuses/{sha}",
    "languages_url": "https://api.github.com/repos/logscape/windowsapp/languages",
    "stargazers_url": "https://api.github.com/repos/logscape/windowsapp/stargazers",
    "contributors_url": "https://api.github.com/repos/logscape/windowsapp/contributors",
    "subscribers_url": "https://api.github.com/repos/logscape/windowsapp/subscribers",
    "subscription_url": "https://api.github.com/repos/logscape/windowsapp/subscription",
    "commits_url": "https://api.github.com/repos/logscape/windowsapp/commits{/sha}",
    "git_commits_url": "https://api.github.com/repos/logscape/windowsapp/git/commits{/sha}",
    "comments_url": "https://api.github.com/repos/logscape/windowsapp/comments{/number}",
    "issue_comment_url": "https://api.github.com/repos/logscape/windowsapp/issues/comments/{number}",
    "contents_url": "https://api.github.com/repos/logscape/windowsapp/contents/{+path}",
    "compare_url": "https://api.github.com/repos/logscape/windowsapp/compare/{base}...{head}",
    "merges_url": "https://api.github.com/repos/logscape/windowsapp/merges",
    "archive_url": "https://api.github.com/repos/logscape/windowsapp/{archive_format}{/ref}",
    "downloads_url": "https://api.github.com/repos/logscape/windowsapp/downloads",
    "issues_url": "https://api.github.com/repos/logscape/windowsapp/issues{/number}",
    "pulls_url": "https://api.github.com/repos/logscape/windowsapp/pulls{/number}",
    "milestones_url": "https://api.github.com/repos/logscape/windowsapp/milestones{/number}",
    "notifications_url": "https://api.github.com/repos/logscape/windowsapp/notifications{?since,all,participating}",
    "labels_url": "https://api.github.com/repos/logscape/windowsapp/labels{/name}",
    "releases_url": "https://api.github.com/repos/logscape/windowsapp/releases{/id}",
    "created_at": "2013-08-19T13:41:14Z",
    "updated_at": "2014-10-22T09:18:02Z",
    "pushed_at": "2014-10-29T20:52:08Z",
    "git_url": "git://github.com/logscape/windowsapp.git",
    "ssh_url": "git@github.com:logscape/windowsapp.git",
    "clone_url": "https://github.com/logscape/windowsapp.git",
    "svn_url": "https://github.com/logscape/windowsapp",
    "homepage": "http://www.logscape.com",
    "size": 2984,
    "stargazers_count": 0,
    "watchers_count": 0,
    "language": "Visual Basic",
    "has_issues": true,
    "has_downloads": true,
    "has_wiki": true,
    "has_pages": false,
    "forks_count": 0,
    "mirror_url": null,
    "open_issues_count": 0,
    "forks": 0,
    "open_issues": 0,
    "watchers": 0,
    "default_branch": "master"
  }
]
