{"token":"123:456:789","output":[{"port":"9991","type":"SocketOut","remoteAddr":"saas.logscape.com"}],"bundleName":"./UnixApp-1.1/UnixApp.bundle","serviceName":"*","tag":"moo"}{"token":"123:456:789","output":[{"port":"9991","type":"SocketOut","remoteAddr":"saas.logscape.com"}],"bundleName":"./UnixApp-1.1/UnixApp.bundle","serviceName":"*","tag":"moo"}{"token":"123:456:789","output":[{"port":"9991","type":"SocketOut","remoteAddr":"saas.logscape.com"}],"bundleName":"./UnixApp-1.1/UnixApp.bundle","serviceName":"*","tag":"moo"}{"token":"123:456:789","output":[{"port":"9991","type":"SocketOut","remoteAddr":"saas.logscape.com"}],"bundleName":"./UnixApp-1.1/UnixApp.bundle","serviceName":"*","tag":"moo"}{"token":"123:456:789","output":[{"port":"9991","type":"SocketOut","remoteAddr":"saas.logscape.com"}],"bundleName":"./UnixApp-1.1/UnixApp.bundle","serviceName":"*","tag":"moo"}