{"token":"123:456:789","output":[{"port":"9991","type":"SocketOut","remoteAddr":"saas.logscape.com"}],"bundleName":"./WindowsApp-1.0/WindowsApp.bundle","serviceName":"*","tag":"moo"}{"token":"123:456:789","output":[{"port":"9991","type":"SocketOut","remoteAddr":"saas.logscape.com"}],"bundleName":"./WindowsApp-1.0/WindowsApp.bundle","serviceName":"*","tag":"moo"}{"token":"123:456:789","output":[{"port":"9991","type":"SocketOut","remoteAddr":"saas.logscape.com"}],"bundleName":"./WindowsApp-1.0/WindowsApp.bundle","serviceName":"*","tag":"moo"}{"token":"123:456:789","output":[{"port":"9991","type":"SocketOut","remoteAddr":"saas.logscape.com"}],"bundleName":"./WindowsApp-1.0/WindowsApp.bundle","serviceName":"*","tag":"moo"}